<?xml version="1.0" encoding="UTF-8" standalone="yes"?>
<addon id="repository.digitalprom" name="DPMC Addons repository" version="0.0.2" provider-name="digitalprom">
	<extension point="xbmc.addon.repository" name="DPMC Addons repository">
		<info compressed="false">http://digitalprom-mc-repo.googlecode.com/git/master/addons/addons.xml</info>
		<checksum>http://digitalprom-mc-repo.googlecode.com/git/master/addons/addons.xml.md5</checksum>
		<datadir zip="false">http://digitalprom-mc-repo.googlecode.com/git/master/addons/</datadir>
	</extension>
	<extension point="xbmc.addon.metadata">
		<summary>Digitalprom Mediacenter Official Addons Repository</summary>
		<description>DPMC addons updates and new addons</description>
		<disclaimer>An official DPMC addons only</disclaimer>
		<platform>all</platform>
	</extension>
</addon>
