<?xml version="1.0" encoding="UTF-8" standalone="yes"?>
<addon id="repository.digitalprom" name="DPMC Addons repository" version="1.0.1" provider-name="digitalprom">
	<requires>
		<import addon="xbmc.addon" version="12.9.2"/>
	</requires>
	<extension point="xbmc.addon.repository" name="DPMC Addons repository">
		<info compressed="false">http://code.google.com/p/digitalprom-mc-repo/source/browse/devel/addons.xml</info>
		<checksum>http://code.google.com/p/digitalprom-mc-repo/source/browse/devel/addons.xml.md5</checksum>
		<datadir zip="false">http://code.google.com/p/digitalprom-mc-repo/source/browse/devel/addons</datadir>
	</extension>
	<extension point="xbmc.addon.metadata">
		<summary>Digitalprom Mediacenter Official Addons Repository Development</summary>
		<description>DPMC addons updates and new addons</description>
		<disclaimer>An official DPMC addons only</disclaimer>
		<platform>all</platform>
	</extension>
</addon>
